Variety_ID,Gene_0,Gene_1,Gene_2,Gene_3,Gene_4,Gene_5,Gene_6,Gene_7,Gene_8,Gene_9,Gene_10,Gene_11,Gene_12,Gene_13,Gene_14,Gene_15,Gene_16,Gene_17,Gene_18,Gene_19,Grain_Yield_kg_ha,Drought_Resistance_Score,Heat_Tolerance_Score
Variety_001,0,1,1,1,0,1,1,1,1,0,1,0,0,0,1,0,0,1,1,0,62.03,51.61,53.64
Variety_002,1,1,0,0,0,1,1,1,1,0,0,1,0,0,0,1,1,0,1,1,43.67,37.45,58.35
Variety_003,1,0,1,1,1,0,0,0,1,1,0,1,0,1,0,1,1,1,1,1,82.31,60.8,52.22
Variety_004,0,0,0,0,0,1,1,0,1,1,0,0,0,1,0,1,1,1,1,1,31.57,117.17,52.87
Variety_005,1,1,1,1,0,0,1,1,1,1,1,0,0,1,0,0,1,0,0,0,58.49,110.1,61.85
Variety_006,0,0,0,1,1,0,0,0,0,0,1,0,1,1,1,0,1,0,1,1,26.68,38.77,53.92
Variety_007,0,1,1,1,0,1,1,0,0,1,0,0,0,1,0,0,0,0,1,0,54.59,107.24,46.88
Variety_008,1,0,0,1,0,1,1,0,1,1,0,0,1,0,1,1,1,0,1,1,31.53,47.22,60.96
Variety_009,0,1,0,0,1,0,0,0,0,0,0,0,1,1,0,1,0,0,0,0,104.82,38.96,39.67
Variety_010,0,1,1,1,0,1,1,0,1,1,0,1,0,0,1,0,1,1,0,1,37.52,62.04,55.04
Variety_011,1,1,1,0,0,1,1,0,1,1,0,0,1,1,0,1,0,0,1,1,36.97,108.84,55.7
Variety_012,1,0,1,0,0,1,1,1,0,0,0,1,0,0,1,1,1,0,0,0,58.27,46.96,63.29
Variety_013,0,0,1,1,0,1,0,1,0,0,0,0,0,0,0,0,1,1,0,1,19.29,44.77,51.33
Variety_014,1,0,0,0,0,1,1,1,1,0,1,0,1,0,1,0,1,1,1,0,55.55,43.74,65.44
Variety_015,1,1,1,1,1,0,1,1,1,0,1,1,0,1,1,0,0,1,1,1,43.72,113.08,52.93
Variety_016,0,1,0,0,0,1,0,0,1,1,1,0,1,1,0,1,0,0,1,1,36.47,46.0,54.51
Variety_017,0,1,0,1,0,1,1,0,1,1,0,1,1,1,0,1,1,0,0,0,68.9,107.0,54.21
Variety_018,1,0,1,1,0,0,1,0,1,1,0,0,1,1,1,1,0,1,1,0,61.29,116.88,46.71
Variety_019,0,0,1,1,1,0,0,1,1,1,0,1,1,1,1,1,0,1,1,0,112.01,60.35,38.95
Variety_020,0,1,1,0,1,1,0,1,0,0,0,0,1,1,1,0,0,1,1,1,31.61,53.52,45.27
Variety_021,1,1,0,1,0,0,0,0,0,1,1,1,1,0,1,1,1,1,0,1,35.43,44.88,60.99
Variety_022,0,1,1,1,1,0,0,1,1,0,1,1,1,1,1,1,1,1,0,0,115.63,56.57,54.3
Variety_023,0,0,1,1,1,0,1,0,0,1,0,0,0,1,0,0,0,1,1,1,24.49,121.51,40.87
Variety_024,1,1,0,1,1,0,1,0,0,1,0,1,1,0,1,0,1,0,0,0,68.77,47.66,53.62
Variety_025,0,0,0,1,1,0,0,0,1,0,1,1,1,1,0,0,0,1,1,1,36.91,47.84,45.15
Variety_026,0,0,1,1,0,1,1,0,1,0,0,1,1,0,1,1,0,1,1,0,65.54,54.39,45.94
Variety_027,0,0,0,0,1,1,0,0,0,0,1,1,1,0,0,0,0,1,1,1,32.24,37.31,54.94
Variety_028,0,0,1,1,1,1,1,0,0,1,0,0,1,0,0,1,0,0,0,1,68.13,55.64,46.93
Variety_029,0,1,0,0,1,1,0,1,0,1,1,1,0,0,1,1,1,0,1,0,106.87,37.76,58.58
Variety_030,0,1,0,1,1,0,0,1,1,1,1,1,0,1,1,1,0,0,0,0,117.23,46.88,48.62
Variety_031,0,0,1,1,1,0,1,0,0,1,1,0,0,1,1,1,1,0,1,1,72.87,113.15,53.37
Variety_032,1,1,0,0,1,1,0,0,0,1,0,0,1,1,1,0,0,1,0,0,59.52,51.72,56.5
Variety_033,0,0,1,0,1,1,0,0,1,0,1,1,1,0,1,1,0,1,1,0,111.58,44.19,55.12
Variety_034,1,1,1,1,1,1,0,0,1,0,1,1,1,1,1,1,0,1,0,0,119.66,56.42,61.9
Variety_035,1,0,1,1,0,1,1,1,1,1,0,0,0,0,0,0,0,1,1,1,26.63,64.65,54.13
Variety_036,1,1,0,0,0,0,1,0,1,0,1,1,1,0,0,1,0,0,1,0,74.09,39.49,54.36
Variety_037,1,1,1,0,1,1,0,0,0,0,1,1,1,0,0,0,1,0,1,1,36.31,36.98,68.47
Variety_038,0,1,1,1,0,0,0,0,1,0,0,1,1,0,1,0,1,0,1,0,67.72,36.99,45.18
Variety_039,0,1,0,1,1,0,1,1,0,1,0,1,1,0,1,0,0,1,0,1,36.38,56.28,38.3
Variety_040,0,1,1,1,0,1,0,1,1,1,1,0,1,1,1,1,1,0,0,1,37.05,54.43,59.63
Variety_041,1,0,0,0,1,1,0,1,0,0,0,0,0,0,0,1,1,0,0,1,74.36,31.23,60.74
Variety_042,0,1,1,1,0,0,0,0,1,1,0,1,1,0,1,1,1,0,1,0,72.63,45.91,48.87
Variety_043,0,1,0,0,1,0,1,0,1,1,0,0,0,1,0,1,0,1,0,1,79.17,112.35,41.33
Variety_044,1,0,1,0,1,1,1,0,1,1,0,1,1,1,0,0,1,1,1,1,37.22,116.62,63.8
Variety_045,0,1,0,1,0,0,0,0,1,1,0,0,1,1,1,1,0,0,1,0,69.81,46.67,40.83
Variety_046,1,1,1,0,0,1,0,0,0,1,0,0,1,1,0,1,1,1,1,0,58.28,60.79,59.85
Variety_047,1,0,1,1,0,0,0,0,0,1,1,0,1,1,0,0,0,1,1,1,20.93,61.77,55.55
Variety_048,0,1,1,0,0,0,1,1,0,0,0,1,0,1,1,0,0,1,1,0,58.06,114.8,38.55
Variety_049,0,1,0,1,0,1,0,0,0,0,0,0,0,1,1,1,0,1,0,1,29.91,44.98,48.61
Variety_050,0,0,0,0,1,0,0,1,0,0,1,1,0,1,1,1,1,0,1,0,104.99,39.1,52.59
Variety_051,1,1,1,0,0,0,0,0,0,1,1,0,1,1,1,1,1,0,1,1,31.12,52.63,59.18
Variety_052,0,1,0,1,0,0,1,1,1,0,1,0,1,0,1,1,0,1,1,1,37.26,43.82,48.79
Variety_053,0,1,1,1,1,0,1,0,0,1,1,0,1,1,0,1,0,0,1,1,75.09,116.53,45.08
Variety_054,1,1,1,0,1,0,0,0,1,0,1,1,0,1,1,0,0,0,0,0,72.76,46.39,54.51
Variety_055,0,0,0,0,0,1,0,1,0,1,0,1,0,1,0,1,1,0,1,0,63.27,45.01,56.24
Variety_056,0,1,1,1,1,1,1,1,1,1,1,0,0,1,0,0,1,1,1,1,38.05,122.31,60.4
Variety_057,0,1,0,1,1,0,0,0,1,1,0,0,0,0,0,1,0,1,1,1,81.13,44.89,39.52
Variety_058,0,1,0,1,1,1,1,0,1,0,1,1,0,1,1,0,0,1,1,1,40.72,108.92,52.51
Variety_059,0,1,1,0,0,1,1,0,1,0,1,0,0,0,0,0,1,0,0,0,58.6,46.17,62.89
Variety_060,1,0,0,1,1,0,1,1,1,0,0,1,0,0,0,0,1,1,0,1,35.97,47.1,52.51
Variety_061,0,1,0,0,0,1,1,0,1,1,0,1,0,0,0,0,1,0,1,0,66.38,46.98,55.64
Variety_062,0,1,0,1,1,0,0,0,1,1,0,0,1,0,1,1,1,0,1,1,81.8,39.34,45.03
Variety_063,1,1,0,1,1,0,0,1,0,0,1,0,1,1,0,0,1,0,0,0,63.33,39.76,59.89
Variety_064,1,0,1,1,1,0,0,1,1,1,0,1,0,0,1,0,0,1,0,1,34.87,55.53,47.63
Variety_065,1,1,0,0,1,1,0,0,0,1,1,1,0,1,1,1,1,1,1,1,78.01,56.51,67.53
Variety_066,0,0,0,1,0,0,0,0,1,1,1,1,1,0,1,0,1,0,1,0,61.25,37.34,53.65
Variety_067,0,0,0,0,1,1,0,1,1,0,0,1,1,1,1,1,1,0,1,0,116.7,37.06,53.05
Variety_068,0,1,1,1,0,0,1,1,0,1,0,1,1,0,1,1,0,0,0,0,63.4,55.27,41.99
Variety_069,1,0,1,0,0,1,1,0,1,1,1,1,0,0,0,0,0,1,0,1,32.11,59.71,59.13
Variety_070,0,0,1,0,0,1,0,0,0,0,1,1,1,0,1,0,1,1,1,0,54.44,47.29,60.55
Variety_071,1,0,0,0,1,0,0,0,0,0,0,0,0,1,0,1,1,1,0,1,69.42,47.67,53.24
Variety_072,1,0,1,1,1,1,0,1,0,1,0,0,1,1,1,1,1,1,0,0,104.44,59.8,61.15
Variety_073,0,1,1,0,0,0,1,1,1,0,1,0,0,1,0,1,0,0,1,1,38.32,103.91,47.31
Variety_074,1,0,0,1,0,0,0,1,1,1,1,0,1,1,1,1,0,1,0,0,58.88,52.74,56.4
Variety_075,0,1,0,0,0,0,1,1,0,1,1,0,0,1,1,0,1,0,1,1,25.55,105.83,52.42
Variety_076,1,0,0,1,0,0,1,1,0,1,0,0,0,0,1,1,0,1,1,0,56.19,52.67,48.38
Variety_077,0,0,1,0,0,0,0,0,0,0,1,1,1,1,1,0,0,0,0,0,53.06,48.13,46.16
Variety_078,1,0,1,0,0,1,0,1,1,1,1,0,1,1,0,0,1,0,1,1,24.44,54.55,67.89
Variety_079,1,1,1,0,0,1,0,0,0,1,0,1,1,0,1,1,0,1,0,0,69.42,55.56,55.43
Variety_080,0,1,0,0,0,1,0,0,1,0,0,0,0,1,0,0,0,1,1,1,30.2,43.74,45.71
Variety_081,1,0,0,1,0,0,0,0,0,0,1,0,1,0,1,0,0,0,1,0,48.45,30.0,55.95
Variety_082,0,0,1,0,1,0,0,0,0,1,1,1,0,1,0,1,0,1,0,0,110.22,64.95,46.59
Variety_083,0,1,0,0,1,1,0,1,1,1,0,0,0,1,0,0,0,1,1,1,37.33,55.81,46.27
Variety_084,1,0,0,1,1,0,1,0,1,1,0,1,1,0,0,0,0,1,1,0,66.68,56.55,49.21
Variety_085,1,1,1,1,1,0,1,1,1,0,1,0,1,1,1,1,0,0,0,0,113.38,100.59,53.54
Variety_086,1,1,0,0,1,0,1,1,1,0,1,1,0,1,0,0,1,0,1,1,41.83,91.24,61.39
Variety_087,1,1,0,1,1,1,1,1,0,0,0,0,1,1,1,0,0,1,1,0,63.12,105.43,55.62
Variety_088,1,0,0,0,0,0,1,1,1,1,0,0,1,1,1,1,0,1,0,1,31.27,112.39,47.97
Variety_089,0,1,0,1,1,1,1,1,1,1,1,0,1,1,0,1,1,0,1,1,78.87,101.72,62.84
Variety_090,0,1,1,1,1,0,1,0,1,0,1,0,1,0,1,1,1,1,0,1,84.92,54.17,52.98
Variety_091,1,0,1,0,1,0,0,0,1,1,1,1,0,0,1,1,1,0,0,1,82.61,46.32,62.0
Variety_092,0,0,1,0,0,0,1,1,1,1,1,1,1,1,0,0,1,0,0,0,58.36,112.95,55.38
Variety_093,1,1,0,1,0,0,1,1,0,0,1,1,0,1,1,0,0,0,1,1,31.44,100.54,53.23
Variety_094,1,0,0,1,1,1,0,1,0,1,0,0,0,0,1,1,1,0,0,1,69.44,39.78,62.89
Variety_095,0,1,0,0,0,1,1,1,1,0,0,1,0,0,1,1,0,0,0,0,69.88,36.48,47.51
Variety_096,0,0,1,0,0,1,1,0,0,0,1,1,0,0,0,1,0,0,0,0,63.22,48.24,53.63
Variety_097,0,0,0,1,1,1,1,1,0,1,1,1,0,0,0,1,0,1,0,0,102.6,53.87,52.82
Variety_098,0,1,0,0,0,1,0,1,1,0,1,0,0,1,0,0,1,1,0,0,61.77,47.64,61.55
Variety_099,1,1,0,0,1,1,0,1,1,1,0,0,1,1,0,1,1,1,0,0,114.61,53.74,60.58
Variety_100,1,1,0,0,0,1,1,0,1,1,0,0,0,1,0,1,1,1,0,0,67.44,116.83,61.5
Variety_101,1,0,0,1,1,1,1,1,0,1,1,1,1,0,0,0,0,0,0,1,32.49,44.02,59.28
Variety_102,1,0,0,0,1,1,1,1,1,0,0,1,0,0,0,1,1,1,1,1,83.16,45.16,59.68
Variety_103,1,0,1,1,1,1,0,1,1,0,1,1,0,0,1,1,1,1,0,1,78.74,46.15,70.25
Variety_104,0,0,0,0,0,0,1,1,1,1,0,0,1,1,1,1,0,0,1,1,30.88,105.03,40.36
Variety_105,1,0,1,1,1,0,1,1,0,0,1,0,0,1,1,0,0,0,1,1,26.16,104.24,52.81
Variety_106,0,0,1,0,0,1,0,1,0,1,0,0,1,1,1,1,0,1,0,0,54.69,61.08,48.31
Variety_107,0,1,1,1,1,1,0,1,1,0,0,0,0,1,1,1,1,1,0,0,110.77,52.95,55.77
Variety_108,1,0,0,0,0,1,1,0,1,1,0,1,0,0,0,1,0,1,0,1,37.55,53.57,53.51
Variety_109,1,0,1,1,1,0,1,1,1,0,0,0,0,1,0,0,1,1,0,1,31.21,106.57,53.81
Variety_110,0,1,1,1,0,0,0,1,0,0,1,1,0,0,1,1,1,0,0,0,67.76,36.94,51.66
Variety_111,0,1,0,1,1,0,0,0,1,1,1,1,0,1,1,0,1,1,0,1,41.15,56.09,52.3
Variety_112,1,0,0,0,0,0,1,0,1,1,0,1,1,1,0,1,0,1,0,1,37.06,115.52,46.01
Variety_113,1,0,0,1,0,1,0,0,1,0,1,0,1,0,0,0,0,1,0,1,26.69,38.86,62.12
Variety_114,0,0,1,1,1,0,0,0,0,0,1,0,1,0,1,1,0,1,1,1,67.47,47.26,44.88
Variety_115,1,1,0,0,0,0,0,0,1,1,0,1,0,0,1,0,1,0,0,1,37.2,39.87,55.74
Variety_116,1,0,1,0,0,0,1,1,1,1,1,0,0,0,1,0,1,0,0,0,55.97,53.51,62.3
Variety_117,1,1,1,1,0,1,0,0,0,0,1,1,1,1,1,0,0,0,0,0,62.79,46.1,63.07
Variety_118,1,0,1,0,0,0,0,1,1,0,1,1,1,1,1,1,1,1,1,1,35.19,55.01,60.88
Variety_119,1,0,0,0,1,0,0,0,0,1,0,1,0,1,0,1,1,0,0,0,104.62,47.64,53.5
Variety_120,0,0,0,0,1,1,0,0,0,0,0,0,0,1,0,1,0,0,1,0,105.37,36.67,47.25
Variety_121,1,0,0,1,1,0,1,0,1,1,0,0,1,0,0,0,0,0,1,0,61.81,47.11,44.72
Variety_122,0,0,0,0,0,0,0,0,0,1,1,1,1,0,1,0,0,0,0,0,55.87,38.55,47.0
Variety_123,1,0,0,0,0,0,1,0,1,0,0,1,0,1,0,0,1,1,0,0,59.75,103.56,55.25
Variety_124,0,1,1,1,1,1,0,1,0,0,1,1,1,1,0,1,1,0,0,1,82.86,44.41,61.91
Variety_125,1,1,0,0,1,0,1,0,1,0,0,1,1,1,0,1,1,0,1,1,90.49,92.94,52.0
Variety_126,1,0,0,0,1,0,0,0,1,0,1,0,1,0,0,1,0,1,0,1,73.49,39.6,54.97
Variety_127,1,1,0,1,1,0,1,1,1,0,1,0,0,1,1,0,0,0,1,0,68.66,91.72,51.53
Variety_128,0,1,1,0,0,1,1,0,1,1,1,1,1,1,1,1,1,1,1,0,72.77,122.8,62.98
Variety_129,0,1,1,1,1,0,0,0,1,1,1,1,0,1,1,0,0,1,1,0,74.69,62.35,48.23
Variety_130,1,1,0,1,0,1,1,0,1,1,0,0,0,0,1,0,1,1,1,1,29.74,56.29,62.97
Variety_131,1,0,0,1,0,1,0,1,0,1,0,0,0,0,1,1,0,0,0,0,57.1,38.56,53.28
Variety_132,0,1,0,1,1,0,0,0,0,0,0,0,1,0,0,0,1,0,1,0,63.35,28.82,46.04
Variety_133,0,1,0,0,0,0,0,1,1,1,1,1,0,0,0,0,0,1,1,0,68.93,44.93,45.65
Variety_134,1,0,1,0,0,1,1,1,0,1,0,0,1,1,1,1,0,1,1,0,54.28,116.31,52.75
Variety_135,0,1,0,1,0,1,1,0,0,0,0,1,1,0,1,1,0,0,1,0,69.16,39.35,44.96
Variety_136,1,1,1,0,1,1,1,0,1,0,1,1,1,1,0,0,0,0,1,0,69.86,100.31,58.16
Variety_137,1,1,1,0,1,0,0,1,0,0,0,1,1,0,0,1,0,1,0,0,114.63,47.67,48.7
Variety_138,1,0,0,0,1,1,1,1,1,1,1,1,1,0,0,0,0,0,1,0,67.1,45.16,63.51
Variety_139,1,0,0,1,1,1,0,1,1,1,1,1,0,1,1,1,1,0,1,1,85.32,45.17,65.15
Variety_140,1,0,0,1,1,1,0,1,1,1,1,1,0,0,1,0,0,1,1,0,66.36,45.69,63.29
Variety_141,0,1,1,1,1,1,1,1,1,0,0,0,0,0,0,1,1,0,0,0,112.54,44.45,55.55
Variety_142,0,0,1,0,0,0,1,1,1,0,1,1,1,1,1,1,1,1,1,1,35.6,112.48,51.45
Variety_143,0,1,1,0,0,0,0,1,1,0,1,0,1,1,0,1,0,1,0,0,66.31,55.92,45.84
Variety_144,1,0,1,1,0,0,0,0,1,0,1,0,1,1,0,1,0,0,0,0,59.22,47.7,51.9
Variety_145,1,1,0,0,0,0,1,0,1,1,1,0,0,1,0,0,1,1,0,0,62.03,107.13,58.03
Variety_146,0,1,1,0,1,1,0,0,1,0,1,0,0,1,1,0,1,0,0,0,64.11,46.38,63.54
Variety_147,1,0,0,0,1,1,0,0,0,0,0,1,1,0,1,1,1,1,0,0,104.16,38.89,60.05
Variety_148,0,1,1,1,1,1,0,0,0,1,1,0,1,1,1,0,1,1,0,0,60.37,59.69,59.18
Variety_149,0,0,0,1,0,1,0,1,0,1,0,0,1,0,1,1,1,1,0,0,55.71,48.05,52.39
Variety_150,1,0,1,1,0,1,0,1,1,0,1,1,0,0,1,0,1,0,0,0,63.71,36.11,66.52
Variety_151,0,0,1,0,1,1,1,1,0,0,1,1,0,1,0,1,0,0,0,0,103.4,106.07,56.28
Variety_152,0,0,1,1,0,1,0,0,1,0,1,0,1,0,1,1,0,0,1,1,31.0,39.29,54.48
Variety_153,0,0,0,1,1,0,0,1,1,1,0,1,0,1,0,1,0,0,1,1,83.15,43.72,41.54
Variety_154,1,0,0,1,1,1,0,0,1,1,0,0,1,1,1,0,0,0,0,0,62.65,45.13,52.65
Variety_155,0,0,0,1,0,0,0,0,1,0,1,1,1,0,1,0,1,0,0,0,61.1,30.11,52.01
Variety_156,0,0,1,0,1,0,1,1,1,0,1,0,0,1,1,0,1,1,0,0,61.14,108.35,56.16
Variety_157,0,1,1,1,1,1,1,1,0,1,1,1,0,1,1,0,1,1,1,1,37.3,120.44,60.54
Variety_158,1,1,0,0,1,1,0,0,0,1,1,1,0,1,1,0,0,1,1,1,36.26,54.9,59.28
Variety_159,0,0,0,0,0,1,0,0,0,1,1,0,0,1,1,0,1,0,0,1,19.81,44.58,58.34
Variety_160,0,0,1,1,0,0,1,1,1,0,1,1,0,0,0,1,1,1,1,1,37.16,55.06,56.02
Variety_161,0,1,0,0,0,0,1,0,1,0,0,0,1,0,1,0,1,0,1,0,61.67,36.48,46.03
Variety_162,1,0,0,1,0,0,1,0,1,0,0,0,0,0,0,1,1,1,1,0,62.55,48.21,53.6
Variety_163,1,0,0,1,0,0,0,0,1,1,0,0,1,1,0,1,0,0,1,1,31.33,45.36,45.21
Variety_164,0,0,1,0,1,0,0,1,0,1,0,1,0,0,0,0,1,1,0,0,64.0,52.42,45.92
Variety_165,0,0,1,0,1,1,1,1,0,0,0,1,0,0,0,1,0,1,0,1,77.16,52.83,45.54
Variety_166,0,0,0,0,1,1,1,1,0,1,0,0,1,0,1,1,0,0,1,1,73.64,47.57,48.26
Variety_167,1,1,1,0,0,0,0,0,1,1,0,0,1,0,1,0,1,1,0,1,30.84,51.4,51.48
Variety_168,0,0,0,1,1,0,0,0,1,0,1,0,1,1,0,1,1,0,0,1,75.37,36.87,53.65
Variety_169,1,1,0,1,1,1,1,0,0,0,0,0,1,1,0,1,0,1,1,1,73.66,106.57,53.05
Variety_170,1,1,1,0,0,0,1,0,0,0,0,1,0,1,0,1,1,0,0,0,63.25,102.02,54.85
Variety_171,0,0,1,0,1,1,0,0,1,0,1,0,1,1,1,0,0,1,1,1,32.37,53.34,54.2
Variety_172,1,0,1,1,1,0,0,0,0,1,0,0,1,1,1,1,0,0,0,1,70.0,55.87,48.34
Variety_173,1,0,1,1,1,0,0,1,1,1,0,0,1,1,0,0,0,1,0,0,62.88,64.0,47.58
Variety_174,0,1,1,0,0,0,0,1,0,0,1,1,0,1,0,1,1,1,1,0,66.47,54.0,54.12
Variety_175,1,0,0,1,1,1,1,1,0,0,1,0,1,1,1,1,1,1,1,1,73.58,99.19,69.42
Variety_176,1,0,1,0,0,1,0,1,0,0,0,1,1,1,0,1,1,1,0,0,58.07,54.52,58.24
Variety_177,0,0,0,0,1,1,0,0,0,1,0,0,0,0,1,1,1,1,1,1,72.95,45.96,54.66
Variety_178,0,1,0,1,1,0,0,1,0,1,0,1,1,0,0,1,0,1,0,1,85.75,44.59,39.2
Variety_179,0,1,1,1,1,0,1,0,1,1,0,0,0,1,0,0,1,0,1,0,66.64,116.28,46.49
Variety_180,0,1,0,1,1,1,1,1,1,1,0,1,0,0,0,0,0,0,0,0,68.69,43.84,45.77
Variety_181,0,0,0,1,0,0,1,1,1,1,0,1,1,0,1,1,1,1,1,0,67.21,52.27,46.7
Variety_182,1,0,1,0,1,0,0,1,0,1,0,1,0,1,0,0,1,0,0,1,31.34,55.96,53.85
Variety_183,1,0,0,1,1,1,0,0,1,1,1,1,1,0,1,0,1,0,0,1,34.7,38.72,67.86
Variety_184,1,1,0,0,0,0,1,0,1,0,0,0,0,0,0,0,1,0,1,0,62.02,37.17,52.51
Variety_185,1,0,1,0,1,1,1,0,1,1,0,1,1,0,1,0,1,1,0,1,37.83,58.93,63.35
Variety_186,0,0,1,1,0,1,0,1,0,0,1,1,0,1,1,0,1,1,0,0,54.07,55.96,63.59
Variety_187,1,0,1,0,1,1,1,0,1,0,1,1,1,0,1,1,1,1,1,0,112.51,52.75,71.19
Variety_188,1,0,1,0,0,0,0,1,0,0,0,1,1,1,1,1,0,1,1,0,58.53,56.64,45.6
Variety_189,0,1,0,0,1,1,0,1,1,0,0,1,0,1,0,1,0,1,0,0,117.92,47.9,46.66
Variety_190,1,1,0,0,1,0,0,0,1,1,0,1,1,0,1,0,1,0,1,0,75.37,38.62,53.01
Variety_191,0,1,1,1,0,0,0,1,0,1,1,0,1,0,0,1,1,0,0,0,59.46,43.86,55.28
Variety_192,0,1,1,1,1,1,1,1,1,0,1,0,0,0,0,0,1,0,1,1,37.17,46.92,60.95
Variety_193,1,1,0,0,0,0,0,0,1,1,0,1,1,1,0,1,0,1,0,1,41.32,51.75,47.86
Variety_194,0,0,0,1,0,1,0,1,0,1,0,1,1,1,0,0,1,0,1,1,24.48,47.4,56.23
Variety_195,1,1,0,0,0,0,0,0,0,1,1,1,1,0,1,1,1,1,1,1,37.3,48.05,59.61
Variety_196,0,1,1,0,1,1,0,0,1,0,0,0,1,0,1,1,1,0,1,1,84.62,38.05,54.26
Variety_197,0,1,0,1,1,1,1,0,1,0,0,1,0,1,0,0,1,0,1,1,42.0,92.52,55.04
Variety_198,0,0,0,0,0,1,1,0,1,1,1,1,0,0,0,1,1,1,1,0,68.63,53.17,59.95
Variety_199,1,1,1,0,1,1,0,0,1,1,0,1,0,0,1,1,1,0,0,0,112.23,44.1,62.36
Variety_200,0,1,0,1,1,0,0,0,1,1,0,0,0,0,1,0,0,1,0,0,67.14,44.95,41.49
Variety_201,0,0,1,0,1,1,1,0,1,1,0,0,0,1,0,0,0,1,1,0,61.36,119.76,47.8
Variety_202,0,1,1,1,0,1,1,1,1,1,0,0,0,0,1,1,1,1,0,0,65.66,62.63,53.04
Variety_203,0,0,0,1,1,1,1,0,1,1,0,0,1,1,1,0,0,0,1,0,59.83,102.3,47.65
Variety_204,0,0,1,0,0,0,1,0,1,1,1,1,0,1,1,1,1,1,1,0,69.45,125.25,51.92
Variety_205,1,1,1,0,0,0,1,0,0,0,1,0,0,0,1,0,1,0,0,0,53.95,47.08,63.86
Variety_206,1,1,1,0,1,0,0,0,1,0,1,0,1,1,0,0,0,1,1,0,63.8,51.43,55.16
Variety_207,0,0,0,0,1,1,0,0,0,0,1,1,0,0,1,0,1,1,1,1,30.91,38.41,58.71
Variety_208,1,1,0,1,0,1,0,1,0,1,0,0,0,0,1,1,0,0,1,1,30.58,37.07,53.45
Variety_209,1,0,1,0,0,0,1,1,1,1,1,1,1,0,0,1,1,0,0,1,36.09,52.21,60.23
Variety_210,1,1,0,0,1,1,0,0,0,1,1,0,1,1,0,0,1,0,0,1,30.78,47.13,67.38
Variety_211,0,1,0,1,1,0,1,0,0,0,1,1,0,1,0,0,0,1,1,1,38.11,102.87,48.72
Variety_212,0,0,0,0,1,1,0,0,0,0,0,1,1,0,1,0,1,0,0,0,61.83,29.0,54.3
Variety_213,1,1,1,0,1,0,1,0,0,0,0,0,0,1,0,0,1,1,1,0,59.0,115.92,56.24
Variety_214,1,0,0,0,1,1,0,1,1,0,1,0,0,0,1,1,1,0,1,0,102.86,30.65,66.04
Variety_215,0,1,0,1,0,1,0,1,1,0,1,1,0,0,1,0,0,1,1,1,36.7,39.67,52.36
Variety_216,1,0,1,1,0,0,1,1,1,1,0,1,0,0,0,1,0,0,0,1,35.55,54.77,47.94
Variety_217,0,1,1,0,1,1,1,0,0,1,0,0,0,1,0,1,1,1,1,0,107.23,125.63,54.66
Variety_218,0,1,1,0,0,0,1,0,1,0,1,0,0,1,1,1,0,1,1,0,66.75,111.35,45.86
Variety_219,0,1,1,0,0,0,1,1,1,1,1,0,1,0,1,0,1,1,1,1,29.93,63.86,56.24
Variety_220,1,0,1,0,1,1,0,0,1,0,1,1,0,1,0,0,1,1,1,0,69.55,53.92,68.6
Variety_221,1,0,0,1,0,1,0,1,0,0,1,0,0,0,0,0,0,0,0,0,50.49,30.97,58.19
Variety_222,0,1,1,1,1,0,0,1,0,0,0,1,0,0,1,1,0,1,1,0,117.58,45.37,40.23
Variety_223,0,1,1,0,1,1,0,0,0,0,1,1,0,0,1,0,1,1,1,1,36.06,48.27,63.53
Variety_224,0,1,1,0,0,0,1,0,0,1,1,0,1,0,0,1,1,0,0,1,32.28,51.49,53.68
Variety_225,0,1,1,1,1,0,0,0,1,1,1,1,1,0,0,0,1,1,0,1,42.86,53.58,53.69
Variety_226,0,0,0,1,1,0,0,0,0,1,0,0,0,0,1,1,0,0,0,0,100.37,39.48,40.6
Variety_227,1,0,0,1,0,1,0,1,0,1,0,1,0,1,1,0,0,1,0,0,54.73,53.52,52.35
Variety_228,0,1,1,0,1,1,0,1,1,0,0,1,0,1,1,1,0,1,0,0,119.31,54.72,47.78
Variety_229,1,1,1,1,0,1,0,0,0,0,1,1,0,1,1,0,1,0,0,0,63.91,47.73,70.01
Variety_230,0,0,1,1,0,1,1,1,0,0,1,0,0,0,0,1,0,0,0,0,57.77,45.8,56.0
Variety_231,0,0,1,1,0,1,1,0,1,1,1,1,1,0,1,0,1,1,1,0,62.24,64.56,60.65
Variety_232,1,1,0,0,1,1,1,1,0,0,1,0,1,0,1,1,0,0,0,0,105.86,38.9,62.48
Variety_233,0,1,0,0,0,1,0,1,0,1,1,1,0,1,0,0,0,0,0,1,30.43,44.92,51.53
Variety_234,0,1,0,1,0,0,1,0,0,1,0,0,1,1,0,0,0,0,1,0,53.5,103.34,38.19
Variety_235,1,1,1,0,0,1,1,0,0,0,1,0,0,1,1,0,0,0,0,1,24.31,102.04,61.59
Variety_236,0,1,0,0,1,1,0,1,0,0,1,0,1,1,0,0,0,1,1,0,60.71,45.19,54.06
Variety_237,0,1,0,0,0,1,0,0,0,0,0,1,1,0,0,0,1,0,1,0,60.34,28.87,55.0
Variety_238,0,1,0,0,0,1,0,1,1,1,1,1,0,1,0,1,0,0,0,0,68.83,47.82,55.12
Variety_239,0,0,1,0,1,1,1,1,1,1,1,0,0,0,0,0,1,1,0,1,31.59,62.02,59.19
Variety_240,0,0,0,0,0,1,1,0,0,0,0,1,0,1,1,0,0,0,1,0,57.41,93.88,47.71
Variety_241,0,1,0,1,1,0,0,0,1,0,0,0,0,0,0,0,0,0,0,1,35.67,30.29,40.7
Variety_242,0,1,1,0,1,1,1,0,0,0,1,1,1,1,0,1,1,0,1,0,114.87,99.47,62.65
Variety_243,0,1,1,0,0,1,1,1,1,0,0,1,1,0,1,1,1,1,1,1,41.81,53.66,54.93
Variety_244,1,0,0,0,1,0,0,0,1,1,0,0,1,0,1,1,1,0,1,1,76.75,36.73,54.02
Variety_245,1,1,1,0,1,1,0,1,1,0,1,1,1,0,0,0,1,0,0,1,42.66,39.36,67.81
Variety_246,0,0,1,1,0,1,1,1,0,1,1,0,0,1,1,1,0,1,1,1,24.91,121.87,52.63
Variety_247,0,0,1,0,0,0,0,1,0,0,1,0,0,0,1,0,0,1,1,0,48.95,46.45,48.93
Variety_248,1,0,1,0,1,1,1,1,1,0,0,0,0,0,1,1,0,1,0,0,104.09,55.3,56.46
Variety_249,0,1,0,1,0,0,0,1,0,1,0,1,0,1,1,0,0,0,0,1,30.22,48.27,41.1
Variety_250,0,0,1,1,0,1,0,1,0,1,0,1,0,1,1,1,1,0,1,0,61.86,55.23,55.47
Variety_251,1,1,0,0,1,1,1,0,1,0,0,0,0,0,0,0,0,0,0,1,37.0,38.3,56.54
Variety_252,1,0,1,0,1,0,1,1,1,0,1,1,1,0,0,0,1,0,0,1,36.48,45.38,63.23
Variety_253,1,0,1,0,0,1,0,1,1,0,1,1,0,0,1,0,0,0,1,0,58.22,39.83,61.46
Variety_254,0,0,0,1,1,0,0,1,1,1,1,0,0,1,0,0,1,0,0,0,60.42,46.75,52.05
Variety_255,1,1,0,0,0,0,0,1,1,0,0,1,1,1,0,0,0,0,0,1,36.55,38.44,46.27
Variety_256,1,1,1,1,0,1,0,1,1,1,0,1,0,0,0,1,1,1,1,1,40.28,51.43,60.63
Variety_257,0,1,0,0,1,0,1,0,0,0,1,0,1,0,0,0,1,1,0,1,29.54,48.21,52.02
Variety_258,1,1,1,1,0,1,0,1,1,0,1,1,0,1,1,0,0,1,0,0,65.95,51.96,63.17
Variety_259,0,1,1,0,1,1,0,1,1,0,1,1,0,1,1,0,0,1,0,0,70.45,55.23,51.7
Variety_260,1,0,1,1,0,1,1,1,1,1,0,0,0,0,0,0,1,0,1,1,25.19,56.08,60.23
Variety_261,0,0,1,0,0,1,0,1,0,0,1,1,1,0,0,0,0,0,1,0,53.61,36.34,56.17
Variety_262,0,1,1,0,0,0,1,0,0,0,1,1,0,1,1,1,0,0,1,1,37.22,105.79,45.38
Variety_263,0,1,0,1,0,1,1,1,0,1,1,0,1,1,0,1,0,1,0,1,32.13,112.61,55.93
Variety_264,0,1,0,0,0,1,0,1,1,1,1,0,0,0,0,0,0,0,1,0,59.99,38.93,55.22
Variety_265,1,1,0,1,1,0,1,1,0,0,0,0,0,1,1,0,1,0,0,1,29.75,97.45,52.7
Variety_266,0,1,1,1,0,1,1,1,0,0,1,1,1,0,1,1,0,0,1,0,67.7,43.79,53.27
Variety_267,1,1,1,0,0,0,0,0,1,1,0,0,0,1,0,1,0,1,1,0,66.63,61.03,44.79
Variety_268,1,1,0,1,1,0,1,0,1,0,1,0,1,1,1,1,1,0,0,0,115.02,97.27,61.35
Variety_269,0,0,1,0,1,1,0,0,1,0,0,0,0,1,0,0,0,0,1,0,63.97,45.33,47.48
Variety_270,1,0,0,1,1,0,0,0,0,1,1,0,0,0,1,1,0,1,0,0,97.47,46.58,56.06
Variety_271,1,0,0,0,0,1,1,1,1,0,0,0,1,1,1,1,0,0,1,0,61.2,99.54,51.31
Variety_272,0,1,1,0,0,1,1,1,0,1,1,0,1,1,1,1,1,0,1,1,32.2,108.46,59.15
Variety_273,1,0,0,1,0,0,1,1,1,1,1,0,1,0,1,1,1,0,0,0,59.94,45.94,62.24
Variety_274,1,0,1,1,0,0,0,0,1,1,0,1,0,0,0,0,1,0,1,0,60.02,47.81,53.36
Variety_275,0,1,1,1,1,0,0,1,1,1,1,0,1,1,0,0,0,1,0,1,36.38,65.09,45.15
Variety_276,1,0,0,1,1,1,0,1,0,1,1,0,1,0,1,1,0,1,1,0,96.69,45.11,58.36
Variety_277,0,1,1,0,0,1,0,0,1,1,0,1,1,0,1,1,0,0,0,1,41.39,46.14,49.29
Variety_278,1,1,1,0,0,0,1,1,0,0,0,0,0,1,1,0,1,0,0,1,25.13,103.28,52.95
Variety_279,1,1,1,1,1,1,0,1,1,1,0,1,0,1,1,0,0,0,0,1,43.96,52.69,54.69
Variety_280,0,0,1,0,1,1,1,0,1,0,0,0,0,0,1,0,1,1,0,0,58.37,56.09,53.6
Variety_281,1,1,0,1,0,1,1,1,0,1,1,0,1,0,0,0,0,0,1,0,55.47,47.85,63.4
Variety_282,1,1,0,1,0,0,1,0,1,0,0,1,0,1,1,1,0,0,0,1,40.42,100.41,45.43
Variety_283,0,1,0,1,1,1,0,0,1,1,0,1,0,1,0,1,1,0,1,1,90.21,44.65,53.01
Variety_284,1,0,0,0,0,0,0,1,0,1,1,1,0,0,1,1,0,0,1,1,30.79,36.71,55.31
Variety_285,1,0,1,1,0,0,0,1,0,1,0,1,0,1,1,0,0,0,0,1,24.99,56.44,44.76
Variety_286,0,1,0,0,1,0,0,1,1,1,0,0,0,1,1,1,1,0,1,0,111.56,44.23,47.97
Variety_287,1,0,0,1,1,0,0,1,1,0,0,1,0,0,1,1,0,0,1,0,110.6,30.56,45.42
Variety_288,0,0,0,1,0,0,1,1,0,0,0,1,0,1,1,1,0,0,1,0,59.63,98.83,39.38
Variety_289,0,0,0,1,1,1,1,1,0,0,1,1,0,0,0,1,1,1,0,1,74.17,47.11,58.04
Variety_290,1,0,1,0,0,0,0,0,0,1,1,0,0,1,1,0,1,0,0,1,19.18,53.86,62.61
Variety_291,0,0,1,1,0,1,0,0,0,0,0,1,1,0,0,1,0,1,0,0,61.85,43.79,45.99
Variety_292,0,0,1,1,0,0,0,1,0,0,1,0,1,0,0,0,0,0,1,1,19.28,36.69,48.15
Variety_293,0,1,0,0,1,0,1,1,1,0,0,0,0,1,0,0,1,0,1,0,66.37,93.95,44.74
Variety_294,1,1,1,0,0,1,0,1,1,0,0,1,1,1,1,0,0,0,0,1,34.9,44.63,54.76
Variety_295,1,0,0,0,0,0,0,0,1,1,0,1,1,1,0,0,1,0,1,1,29.76,47.24,52.15
Variety_296,1,1,1,1,0,1,1,1,0,0,0,1,1,0,1,0,0,1,0,0,62.17,56.55,54.75
Variety_297,0,1,0,0,0,1,0,0,1,0,0,1,1,1,1,0,1,1,1,0,65.72,45.86,53.46
Variety_298,1,1,1,0,0,0,0,0,1,1,1,1,1,0,1,0,1,1,0,1,35.2,54.93,58.5
Variety_299,0,1,0,1,0,0,1,0,0,0,0,0,1,0,1,1,0,1,1,0,60.45,48.16,40.73
Variety_300,1,0,0,0,0,0,1,0,1,0,1,0,0,1,0,1,1,1,0,1,31.79,106.54,63.7
Variety_301,0,0,1,1,0,0,0,1,0,0,0,1,1,0,0,0,0,0,1,1,25.01,36.79,39.02
Variety_302,0,1,0,1,1,1,1,0,1,1,1,1,1,0,0,1,0,0,0,1,86.93,44.32,52.11
Variety_303,0,1,1,0,0,1,0,0,0,0,1,0,0,0,0,1,0,0,0,1,29.62,39.25,54.82
Variety_304,1,0,1,0,1,0,0,1,0,0,1,1,0,0,0,0,0,0,0,1,29.49,36.96,55.32
Variety_305,0,1,0,0,1,0,1,0,1,1,1,0,0,1,0,1,1,0,0,1,79.46,104.71,55.08
Variety_306,1,1,1,1,1,1,0,0,1,1,1,1,0,0,0,0,0,0,0,1,43.82,48.11,59.53
Variety_307,0,0,0,0,1,1,0,0,0,1,1,0,0,0,0,0,0,1,1,1,25.63,44.38,51.37
Variety_308,0,1,0,1,1,1,1,0,1,1,1,1,1,0,0,1,0,0,0,1,84.49,47.45,52.87
Variety_309,0,1,0,1,1,0,1,0,0,1,0,1,1,1,0,1,1,1,1,1,83.78,113.62,48.77
Variety_310,1,0,0,1,1,0,0,1,0,0,0,0,1,0,0,0,1,0,0,0,57.57,30.0,56.5
Variety_311,1,0,1,1,1,0,1,1,1,0,0,0,1,1,1,0,0,0,0,1,29.79,101.38,45.97
Variety_312,1,0,0,0,0,1,0,1,1,1,0,0,1,1,0,0,1,1,1,0,56.82,52.27,62.0
Variety_313,0,0,0,1,1,1,0,0,1,1,0,1,1,1,1,0,1,0,1,0,64.95,44.3,53.52
Variety_314,0,1,0,0,1,0,0,0,1,1,1,0,1,0,0,0,1,1,0,0,68.1,46.75,56.44
Variety_315,0,1,0,0,0,0,1,1,0,0,1,0,1,1,0,0,1,0,0,0,54.4,94.06,53.43
Variety_316,1,1,0,0,1,1,0,1,0,1,1,1,1,1,0,1,1,1,0,0,115.5,55.59,69.67
Variety_317,0,0,1,0,0,1,1,0,1,0,1,0,1,1,1,0,1,0,0,1,24.82,108.03,59.31
Variety_318,1,1,1,1,1,0,1,0,0,0,0,1,0,0,0,0,0,1,0,1,35.94,51.91,47.11
Variety_319,1,1,1,0,0,1,1,0,0,1,1,1,0,1,0,0,1,1,0,0,61.6,117.42,69.94
Variety_320,1,0,0,1,1,0,0,1,0,0,1,1,1,1,0,0,1,0,0,0,64.0,36.57,62.58
Variety_321,1,1,1,1,1,0,1,1,0,0,1,1,0,0,0,1,0,0,0,0,111.52,44.26,54.45
Variety_322,0,0,0,1,1,0,0,1,1,0,1,1,0,0,1,0,0,0,0,0,66.95,29.66,47.44
Variety_323,0,0,1,0,0,1,0,0,1,0,0,0,0,0,0,0,0,1,0,0,56.4,47.18,49.03
Variety_324,1,0,1,0,1,1,0,0,1,1,1,0,1,0,1,0,1,1,0,0,59.68,51.88,67.58
Variety_325,0,0,0,0,1,1,0,1,1,1,0,0,0,0,1,1,0,0,0,0,103.75,39.47,45.02
Variety_326,1,0,0,1,0,0,1,0,0,0,0,1,1,0,1,0,0,0,0,1,25.92,37.16,46.35
Variety_327,0,1,1,0,0,1,1,0,0,0,1,0,0,0,0,1,0,1,1,1,29.5,54.98,54.18
Variety_328,0,0,1,1,0,0,0,0,1,1,0,1,0,0,1,1,0,1,1,1,37.21,51.94,40.74
Variety_329,0,1,0,1,0,1,0,1,1,1,1,0,1,1,1,1,0,1,0,0,65.85,54.19,53.59
Variety_330,0,0,1,1,0,0,1,1,0,1,1,0,0,0,1,0,0,0,0,0,51.31,51.51,45.99
Variety_331,1,0,1,0,0,0,1,1,0,1,1,1,0,1,0,1,1,0,0,1,30.15,109.29,63.38
Variety_332,0,0,0,0,1,1,1,1,1,1,1,0,0,0,0,0,1,1,1,0,63.97,53.45,63.66
Variety_333,0,1,0,1,1,0,1,1,1,0,0,1,0,1,1,0,1,0,1,1,40.85,100.67,45.99
Variety_334,1,0,1,0,0,0,1,1,0,0,1,0,1,1,1,1,1,1,0,1,25.42,114.11,60.29
Variety_335,0,1,1,1,0,1,0,1,0,0,1,1,0,1,0,0,0,0,0,0,63.81,44.98,53.49
Variety_336,0,0,1,1,1,0,1,0,1,1,1,0,1,0,1,0,1,0,1,0,62.45,55.6,53.48
Variety_337,1,0,0,0,1,0,0,0,0,1,1,1,0,1,0,0,1,1,0,1,30.65,54.09,58.92
Variety_338,1,1,0,1,0,0,0,1,1,0,0,1,0,1,0,0,1,1,1,0,63.29,43.87,52.87
Variety_339,0,0,0,0,0,1,0,1,0,0,1,1,1,0,0,1,0,1,0,0,63.27,39.14,56.69
Variety_340,1,1,1,0,0,1,0,1,1,1,0,0,0,1,1,1,0,1,0,1,36.02,64.0,52.16
Variety_341,1,0,1,1,0,0,1,0,0,1,0,0,1,1,0,0,0,1,0,1,19.54,118.61,46.84
Variety_342,1,1,0,0,0,0,0,0,0,1,1,1,1,1,1,0,1,1,0,1,32.31,56.05,63.67
Variety_343,1,0,0,0,0,0,1,0,1,1,0,0,1,1,1,0,0,0,0,1,25.22,100.85,46.23
Variety_344,0,1,1,1,0,1,0,0,0,0,1,0,0,1,0,1,0,0,1,1,31.23,45.76,51.83
Variety_345,0,1,0,0,1,1,1,1,0,1,0,0,1,1,0,0,0,1,1,1,30.47,107.64,48.97
Variety_346,1,1,0,0,1,0,0,1,1,0,1,1,0,0,0,0,0,1,1,1,42.1,37.05,55.56
Variety_347,1,1,0,0,0,1,0,0,0,1,1,0,1,0,0,1,0,1,0,1,31.92,46.63,60.41
Variety_348,1,1,1,0,0,0,1,0,1,1,1,0,0,1,1,0,1,0,0,1,31.29,109.61,59.81
Variety_349,0,0,0,1,0,0,1,0,0,1,0,1,0,0,0,1,1,1,1,0,60.92,53.26,46.4
Variety_350,1,1,1,1,0,0,1,1,0,1,1,0,1,0,0,1,1,0,1,1,30.88,56.6,60.12
Variety_351,1,1,0,0,0,1,0,1,1,0,1,1,0,1,1,1,0,0,1,1,41.19,36.39,63.1
Variety_352,1,1,0,0,1,1,0,0,1,1,0,0,0,0,1,0,1,0,0,0,64.04,37.77,60.73
Variety_353,1,1,1,1,1,0,1,1,0,1,1,1,1,1,1,1,1,1,0,0,116.84,122.76,61.08
Variety_354,0,1,1,0,0,0,1,0,0,0,0,0,0,0,0,1,1,0,1,1,32.13,46.92,46.48
Variety_355,0,0,0,0,1,0,1,0,0,1,1,1,0,0,0,0,1,1,1,0,58.66,55.44,52.69
Variety_356,1,1,0,0,0,1,1,0,0,0,0,0,1,1,1,1,1,1,1,0,58.9,109.17,62.7
Variety_357,1,1,1,1,1,0,0,0,1,1,0,1,1,0,1,1,1,0,1,0,123.13,45.82,56.05
Variety_358,0,1,0,0,1,0,1,1,1,1,0,0,1,0,1,0,1,0,1,1,37.56,45.73,47.81
Variety_359,1,0,0,1,1,1,0,0,0,0,1,1,1,0,1,1,1,0,1,1,74.06,30.93,67.74
Variety_360,1,1,0,1,0,1,1,0,1,1,0,0,1,0,1,0,0,1,1,0,59.86,52.37,54.05
Variety_361,1,1,0,0,0,1,0,0,0,1,1,0,1,0,0,0,0,0,0,1,24.9,38.31,63.24
Variety_362,1,1,0,0,0,0,1,0,1,1,1,1,0,0,1,1,1,0,1,0,72.85,43.71,63.18
Variety_363,1,0,0,1,1,0,1,1,0,1,0,1,0,0,1,1,1,0,1,1,76.04,44.81,55.63
Variety_364,0,0,0,1,1,1,0,0,0,0,1,0,1,1,0,0,1,1,1,0,56.63,45.96,63.73
Variety_365,0,0,0,1,0,1,1,0,0,1,0,0,1,1,0,0,0,1,0,0,52.26,108.27,45.92
Variety_366,1,0,1,1,1,0,0,1,1,0,1,0,0,1,0,0,1,1,0,1,32.27,52.09,58.74
Variety_367,1,1,1,0,1,1,0,1,0,1,1,0,0,0,0,0,1,0,1,1,32.24,46.04,70.25
Variety_368,1,0,1,0,0,0,1,0,1,0,0,0,0,1,0,1,0,0,1,1,29.72,100.98,45.56
Variety_369,0,1,1,1,0,0,1,1,1,1,0,1,0,1,1,1,0,0,1,1,42.12,110.87,39.95
Variety_370,1,1,0,1,1,1,0,1,0,1,1,1,1,1,1,1,1,0,0,0,112.46,47.46,65.92
Variety_371,0,1,1,0,0,1,0,1,0,0,0,0,0,0,0,1,1,1,1,1,31.92,47.39,53.19
Variety_372,1,1,0,0,1,1,0,0,1,0,0,1,1,0,0,1,0,0,0,1,86.21,29.78,54.94
Variety_373,0,1,1,1,1,0,0,0,0,0,1,0,1,1,1,1,0,0,0,1,76.24,46.88,46.39
Variety_374,1,0,1,0,1,0,1,0,1,0,0,1,1,0,0,1,0,1,1,1,79.05,55.23,48.13
Variety_375,1,0,1,1,1,1,1,1,0,0,1,0,0,1,0,0,0,1,1,1,26.7,115.22,61.89
Variety_376,0,0,0,0,1,1,1,1,1,0,0,0,1,0,1,1,0,0,1,1,77.34,38.9,45.59
Variety_377,0,0,1,0,0,1,0,1,0,0,1,1,1,1,0,0,0,0,1,1,24.77,47.58,55.1
Variety_378,1,0,1,0,0,0,0,0,0,1,0,0,1,0,1,0,1,0,1,1,19.65,47.72,51.45
Variety_379,1,1,0,1,1,0,1,0,1,0,0,0,1,0,0,1,1,1,1,0,116.44,47.11,52.98
Variety_380,1,1,1,1,1,0,1,1,0,1,1,1,0,1,1,1,0,1,0,0,109.33,122.05,53.61
Variety_381,0,0,0,1,0,0,1,1,1,0,1,0,1,0,1,0,0,0,1,1,26.18,36.44,47.09
Variety_382,1,1,0,1,0,0,1,0,1,0,0,0,1,0,0,1,1,0,1,1,36.71,38.08,55.96
Variety_383,0,1,1,1,1,1,1,1,0,1,0,0,0,1,0,1,1,1,0,0,110.24,115.08,55.27
Variety_384,0,0,0,0,1,1,1,0,0,1,1,1,0,1,0,0,0,0,1,0,60.63,100.78,55.4
Variety_385,0,0,1,1,0,0,1,1,1,1,1,1,0,0,0,0,0,1,1,0,63.57,64.84,47.17
Variety_386,0,1,1,0,1,0,0,0,1,1,1,1,1,1,1,0,1,0,1,0,69.11,52.83,55.41
Variety_387,0,1,1,0,1,1,1,1,0,1,1,1,1,1,1,1,0,0,1,0,107.52,115.12,54.87
Variety_388,0,1,1,1,0,0,0,0,1,0,0,1,0,1,1,1,1,1,0,0,73.66,54.41,45.99
Variety_389,1,0,1,1,0,0,1,1,0,1,1,0,0,0,0,1,1,0,0,0,56.63,55.65,60.37
Variety_390,0,1,1,1,1,1,1,1,0,0,0,1,1,0,1,0,1,0,0,1,37.91,45.25,51.47
Variety_391,1,0,1,1,0,1,1,1,0,1,0,0,0,0,0,1,0,1,1,0,56.07,59.96,51.4
Variety_392,0,1,1,0,0,0,1,0,1,0,1,0,0,0,0,1,0,0,1,0,69.06,44.71,49.25
Variety_393,0,1,0,0,0,1,1,0,0,1,1,1,1,1,1,1,0,0,0,0,68.89,101.46,54.83
Variety_394,1,1,0,0,1,0,0,1,0,1,0,1,1,0,1,0,0,0,1,0,63.7,38.03,47.52
Variety_395,0,1,0,1,0,0,0,0,0,0,0,1,0,0,0,0,1,0,1,0,63.76,30.15,46.15
Variety_396,1,1,0,0,1,0,0,0,1,0,1,0,1,0,1,0,1,1,0,1,35.06,38.98,63.64
Variety_397,0,1,0,1,1,0,0,1,1,1,0,0,0,0,0,0,0,0,1,1,36.83,39.08,41.94
Variety_398,1,1,1,0,1,1,1,1,0,0,0,0,0,1,0,0,1,0,0,0,62.36,102.72,62.99
Variety_399,1,0,1,1,0,0,0,1,1,1,0,1,1,0,0,1,0,1,0,1,37.04,56.14,47.27
Variety_400,1,0,0,1,0,0,0,0,0,0,0,0,0,1,0,0,0,0,0,1,20.04,36.28,47.37
Variety_401,0,0,1,0,0,1,1,0,1,1,0,0,0,1,1,0,0,0,0,1,26.43,106.82,48.22
Variety_402,1,1,0,1,0,0,0,0,1,1,0,1,0,1,1,1,0,1,1,0,71.77,51.46,46.77
Variety_403,0,0,0,0,0,0,1,0,0,0,1,0,0,0,1,1,0,0,0,0,57.74,37.19,45.72
Variety_404,0,0,1,0,1,0,0,0,0,1,0,1,1,0,1,0,0,1,1,0,58.33,52.65,40.57
Variety_405,0,1,1,0,1,0,0,0,0,1,1,0,1,1,1,1,0,0,1,1,78.48,56.15,46.22
Variety_406,0,0,0,0,0,1,1,1,0,0,0,0,0,1,0,1,0,0,0,0,56.41,92.7,47.87
Variety_407,0,1,0,1,0,1,1,0,1,0,0,1,1,1,1,0,0,0,0,1,35.24,99.64,44.71
Variety_408,1,0,0,1,0,0,0,1,0,1,0,0,0,0,1,1,0,1,0,0,55.61,46.18,46.63
Variety_409,0,1,1,0,1,0,0,0,0,1,1,1,1,0,0,0,1,1,0,1,37.37,53.0,54.06
Variety_410,0,0,0,1,1,0,1,1,0,0,1,0,1,1,0,1,1,0,1,1,70.26,91.56,52.46
Variety_411,1,1,0,0,1,1,0,1,0,1,0,1,1,0,0,0,0,1,0,1,36.57,44.06,54.51
Variety_412,0,1,0,1,1,1,1,1,1,1,1,0,0,0,1,0,0,0,1,1,37.08,46.08,56.46
Variety_413,1,0,0,0,0,1,1,1,1,1,0,0,0,1,0,0,1,1,1,0,54.88,109.48,58.17
Variety_414,0,0,1,1,1,1,1,1,0,1,0,0,1,1,0,0,0,1,0,0,55.11,120.72,45.12
Variety_415,0,1,0,0,0,0,1,0,1,1,0,0,0,1,1,0,0,1,0,0,61.39,115.48,40.32
Variety_416,0,1,1,1,0,1,1,0,1,0,1,0,1,1,1,0,0,1,1,0,63.61,107.65,56.18
Variety_417,0,0,0,1,0,0,0,1,1,1,0,0,1,1,1,1,1,1,0,0,62.11,55.09,48.32
Variety_418,1,0,0,1,0,0,0,0,1,1,1,0,0,0,0,0,0,0,0,0,55.05,36.63,55.03
Variety_419,0,1,1,1,1,0,1,1,1,0,1,0,1,0,0,0,1,0,1,1,36.01,45.99,56.4
Variety_420,1,0,1,0,0,1,1,0,1,0,1,1,1,1,0,0,1,0,0,0,59.07,108.26,66.76
Variety_421,0,0,0,1,1,0,1,1,1,0,1,0,1,0,1,0,0,1,0,0,63.07,44.16,45.52
Variety_422,1,0,0,0,1,0,0,1,1,0,1,1,0,1,1,0,1,1,0,1,34.86,43.82,58.63
Variety_423,1,1,1,0,1,0,1,0,1,1,0,0,1,1,1,1,0,1,1,1,82.22,123.08,45.87
Variety_424,0,0,0,0,1,1,1,1,1,0,1,1,0,1,0,0,1,0,0,0,64.14,97.2,59.17
Variety_425,0,0,0,0,0,0,0,1,0,1,1,0,1,0,1,1,1,0,1,0,54.32,39.15,51.76
Variety_426,0,1,0,1,0,1,0,1,0,0,1,0,0,0,0,0,0,0,0,1,25.3,30.04,55.51
Variety_427,1,1,1,0,1,0,0,1,0,1,0,0,0,0,0,1,0,0,0,1,77.04,45.66,44.92
Variety_428,0,1,0,0,1,1,1,1,1,1,0,0,0,0,0,0,0,0,0,1,36.71,44.27,47.95
Variety_429,0,1,0,0,0,1,0,1,1,1,0,1,1,0,1,0,1,1,0,1,37.23,47.26,55.81
Variety_430,1,0,0,0,1,0,1,1,1,0,1,0,0,1,1,1,1,0,0,0,111.48,96.02,62.61
Variety_431,0,0,1,1,1,0,0,0,0,1,0,1,1,0,0,1,0,1,0,0,105.23,52.03,39.9
Variety_432,0,0,0,1,0,0,0,1,0,1,1,0,0,1,0,0,0,0,0,1,19.75,46.37,45.28
Variety_433,0,0,1,1,1,1,0,0,0,1,1,0,1,1,1,0,1,0,1,0,53.77,52.0,59.64
Variety_434,1,1,1,1,0,0,0,0,0,0,0,0,1,1,0,1,0,1,1,0,63.65,54.98,46.2
Variety_435,1,0,1,0,1,1,1,0,1,1,0,0,0,1,1,1,1,0,1,0,108.16,107.44,59.63
Variety_436,1,0,1,1,0,0,1,0,1,1,0,0,1,1,0,1,1,0,1,1,31.34,110.89,51.43
Variety_437,1,1,1,0,1,1,0,0,1,1,0,1,1,0,0,1,1,0,1,0,113.13,47.2,64.0
Variety_438,1,1,0,0,0,0,1,0,1,0,1,0,0,1,0,0,0,0,0,1,31.9,98.46,55.5
Variety_439,1,1,1,0,1,0,0,0,1,1,0,0,0,0,0,0,0,1,1,1,37.33,53.17,46.29
Variety_440,0,1,1,0,1,0,1,0,1,1,0,0,0,1,1,1,1,0,1,1,78.69,109.56,48.51
Variety_441,1,0,0,0,1,0,0,0,1,1,1,1,0,0,0,0,1,1,1,0,66.39,45.31,58.01
Variety_442,1,1,0,1,1,1,1,1,1,1,1,1,0,1,0,1,0,0,0,1,83.18,100.42,58.36
Variety_443,0,0,1,1,0,0,1,0,1,1,0,1,0,1,0,1,1,0,1,1,35.36,110.66,46.77
Variety_444,0,0,1,1,1,1,1,0,1,1,1,1,1,1,1,1,0,1,1,0,106.47,124.59,54.55
Variety_445,1,1,1,0,1,1,1,1,1,0,0,1,0,0,1,1,1,0,0,1,86.18,46.43,63.68
Variety_446,0,1,0,1,0,1,0,1,0,1,1,0,0,1,0,0,1,1,0,0,56.95,55.36,60.04
Variety_447,1,1,1,0,1,1,1,1,1,0,0,1,1,1,0,1,1,1,1,0,112.78,113.88,60.72
Variety_448,0,0,1,1,0,0,0,1,1,1,1,1,0,0,1,0,0,1,1,1,30.21,55.7,45.42
Variety_449,1,1,1,0,1,0,0,0,0,1,0,1,1,0,1,1,1,1,0,1,78.65,52.92,51.89
Variety_450,0,1,0,1,1,1,0,0,1,0,1,1,0,1,0,1,0,1,1,0,120.2,48.23,51.38
Variety_451,0,0,0,0,0,1,0,0,1,0,0,0,0,1,1,1,0,1,0,1,32.18,47.55,48.78
Variety_452,1,0,0,0,0,0,0,0,1,0,0,0,0,0,0,0,0,1,1,0,53.49,37.32,48.39
Variety_453,0,1,0,0,0,0,1,0,1,0,1,0,1,1,0,0,0,1,0,0,63.58,106.05,47.75
Variety_454,1,0,1,0,1,1,0,1,1,1,1,1,1,1,0,1,0,1,1,0,116.51,61.84,62.89
Variety_455,1,1,0,1,1,0,1,1,1,0,0,1,0,1,1,0,0,1,0,0,71.91,100.13,46.84
Variety_456,1,1,1,0,1,1,0,0,0,1,1,0,1,0,1,0,0,1,1,0,61.09,56.28,63.29
Variety_457,0,1,1,0,1,0,0,0,1,1,1,0,1,1,1,1,0,0,0,0,113.27,52.72,47.05
Variety_458,0,0,0,1,0,1,0,0,0,0,1,1,0,1,1,1,1,1,0,1,31.65,45.73,61.82
Variety_459,1,0,1,1,0,0,1,1,1,1,1,1,0,1,1,1,0,0,1,1,38.12,110.76,54.37
Variety_460,0,1,1,1,0,1,1,0,0,1,0,0,0,1,0,1,0,1,1,0,61.6,117.74,46.19
Variety_461,1,0,1,1,0,0,1,1,1,1,0,0,1,0,1,0,1,1,1,0,56.41,61.29,52.51
Variety_462,0,0,0,0,1,1,1,1,1,1,0,0,0,1,0,0,0,1,0,0,59.1,111.92,46.24
Variety_463,0,0,1,1,0,1,1,1,0,1,1,1,0,0,1,1,1,0,1,0,62.9,52.55,62.97
Variety_464,0,0,1,0,0,0,1,0,1,0,1,1,1,0,0,1,1,0,1,0,63.33,46.58,55.23
Variety_465,1,1,1,1,0,1,0,1,1,0,1,1,0,1,1,1,0,1,1,1,41.85,53.21,60.13
Variety_466,1,1,0,1,0,1,0,1,1,1,1,0,1,1,0,1,0,0,1,1,36.95,45.02,62.61
Variety_467,0,1,1,1,0,0,1,1,1,1,1,1,1,0,1,0,1,1,1,0,65.28,61.82,55.88
Variety_468,1,0,1,1,0,0,0,1,1,1,1,1,0,1,0,1,0,0,1,0,69.23,51.79,53.74
Variety_469,1,0,0,1,1,1,0,0,0,0,1,1,1,0,1,1,1,0,0,0,104.78,31.4,64.89
Variety_470,0,1,0,1,1,1,1,0,0,1,1,0,1,1,0,1,0,0,0,1,75.05,105.99,53.47
Variety_471,0,0,1,0,1,0,1,0,1,1,0,1,1,1,0,1,1,1,1,0,108.49,117.98,46.94
Variety_472,0,0,0,0,0,1,0,1,1,0,1,0,0,0,1,0,1,0,0,1,24.9,30.2,63.44
Variety_473,0,0,0,1,1,1,1,0,1,0,1,0,0,1,0,0,1,0,0,0,58.69,93.3,58.3
Variety_474,0,0,1,1,1,0,1,1,1,1,0,0,1,1,1,0,0,1,1,0,59.14,114.18,39.46
Variety_475,1,1,1,0,1,1,0,0,1,0,1,0,0,0,1,1,0,0,0,1,86.03,36.23,60.87
Variety_476,0,1,1,0,0,1,1,1,0,1,1,0,0,0,1,1,1,1,1,1,29.73,64.18,59.03
Variety_477,0,1,1,1,0,0,1,1,1,1,0,0,1,1,1,1,1,1,0,0,67.48,125.01,47.81
Variety_478,1,1,0,0,1,1,1,0,1,0,0,1,1,0,1,1,1,0,0,1,91.54,38.21,59.25
Variety_479,0,0,0,0,0,0,0,1,0,1,0,0,0,1,0,0,1,1,0,1,20.87,55.51,49.27
Variety_480,0,1,1,0,1,0,0,1,1,0,1,0,0,0,1,1,0,1,1,0,111.53,47.89,46.44
Variety_481,0,0,1,0,1,0,1,1,1,0,1,0,0,0,1,1,0,1,1,1,80.17,54.76,45.42
Variety_482,0,0,0,1,1,0,0,0,0,1,0,0,0,0,0,1,0,0,0,1,72.61,39.33,38.9
Variety_483,1,1,1,1,0,0,0,1,0,1,1,0,1,0,1,0,1,0,1,1,24.4,46.69,62.17
Variety_484,0,1,0,1,1,1,1,0,0,0,1,0,0,0,1,1,0,1,0,1,78.37,46.12,51.36
Variety_485,1,0,0,0,0,1,1,0,0,1,1,0,0,0,0,1,1,0,0,0,54.08,47.86,67.11
Variety_486,0,1,0,1,0,1,0,1,1,1,1,0,0,0,0,1,0,1,1,1,37.69,48.1,55.57
Variety_487,1,0,0,1,1,0,1,1,0,0,0,1,0,1,1,0,0,1,1,1,31.32,108.91,45.63
Variety_488,0,1,1,0,0,0,1,0,0,1,0,0,0,1,0,1,1,1,0,1,31.58,121.65,48.01
Variety_489,0,0,1,0,0,1,1,0,0,0,0,0,1,0,0,1,0,0,1,0,55.4,45.61,47.81
Variety_490,0,0,1,0,1,0,1,0,1,0,0,0,0,0,0,0,1,1,0,0,60.04,52.39,46.45
Variety_491,0,0,1,0,1,0,0,0,0,0,1,1,0,1,1,0,1,0,1,1,29.49,48.22,51.92
Variety_492,1,1,1,1,1,0,1,1,0,1,1,0,1,1,0,1,1,0,0,0,101.67,113.49,63.11
Variety_493,1,1,1,1,1,1,1,0,1,1,1,1,0,1,1,0,1,0,1,0,73.83,114.7,65.86
Variety_494,0,0,1,0,0,0,0,0,1,0,1,0,0,0,1,1,1,0,1,0,63.02,37.07,51.9
Variety_495,1,1,0,1,0,0,1,0,1,0,0,0,1,1,0,0,0,0,0,0,62.02,96.94,48.68
Variety_496,1,0,0,1,0,0,1,1,1,1,1,0,1,1,1,1,1,1,1,1,29.86,114.2,58.79
Variety_497,1,1,1,0,0,1,0,0,0,0,1,1,0,1,1,1,1,0,1,1,35.31,46.78,67.42
Variety_498,0,1,1,1,1,0,1,0,0,0,1,1,0,1,0,0,0,1,0,1,36.42,113.28,46.44
Variety_499,1,1,1,1,1,0,1,1,0,1,0,0,1,1,1,1,1,0,0,0,101.78,112.68,55.56
Variety_500,0,1,0,0,1,1,1,1,0,1,1,1,1,0,1,1,0,0,0,1,80.45,45.47,54.8
